{
	"name": "betterrolls-swade",
	"title": "Better Rolls for Savage Worlds",
	"description": "This module tries to port the most useful features from Better Roll to SWADE",
	"minimumCoreVersion": "0.6.0",
	"compatibleCoreVersion": "0.6.5",
	"version": "1.0.3",
	"author": "Javier Rivera",
	"languages": [
		{
			"lang": "en",
			"name": "English",
			"path": "lang/en.json"
		}
	],
	"systems": ["swade"],
	"esmodules": ["./scripts/betterrollswade.js"],
	"styles": ["./css/betterrolls-swade.css"],
	"packs": [],
	"url": "https://github.com/javierriveracastro/betteroll-swade",
	"manifest": "https://raw.githubusercontent.com/javierriveracastro/betteroll-swade/master/betterrolls-swade/module.json",
	"download": "https://github.com/javierriveracastro/betteroll-swade/raw/master/betterrolls-swade.zip"
}
