{
	"name": "betterrolls-swade2",
	"title": "Better Rolls for Savage Worlds",
	"description": "A module to make rolling in SWADE easier for experienced players",
	"minimumCoreVersion": "0.7.4",
	"compatibleCoreVersion": "0.7.9",
	"version": "1.94",
	"author": "Javier Rivera",
	"languages": [
		{
			"lang": "en",
			"name": "English",
			"path": "lang/en.json"
		},
		{
			"lang": "es",
			"name": "Spanish",
			"path": "lang/es.json"
		}
	],
	"systems": ["swade"],
	"esmodules": ["./scripts/brsw2-init.js"],
	"styles": ["./css/brsw-styles.css"],
	"packs": [],
	"url": "https://github.com/javierriveracastro/betteroll-swade",
	"manifest": "https://raw.githubusercontent.com/javierriveracastro/betteroll-swade/version_2/betterrolls-swade/module.json",
	"download": "https://github.com/javierriveracastro/betteroll-swade/blob/version_2/betterrolls-swade.zip?raw=true"
}
