{
  "title": "Better Rolls 2 for Savage Worlds",
  "description": "A module to make rolling in SWADE easier for experienced players.",
  "version": "3.6",
  "languages": [
    {
      "lang": "en",
      "name": "English",
      "path": "lang/en.json",
      "flags": {}
    },
    {
      "lang": "es",
      "name": "Español",
      "path": "lang/es.json",
      "flags": {}
    },
    {
      "lang": "ca",
      "name": "Catalan",
      "path": "lang/ca.json",
      "flags": {}
    },
    {
      "lang": "de",
      "name": "German",
      "path": "lang/de.json",
      "flags": {}
    },
    {
      "lang": "fr",
      "name": "French",
      "path": "lang/fr.json",
      "flags": {}
    },
    {
      "lang": "it",
      "name": "Italian",
      "path": "lang/it.json",
      "flags": {}
    },
    {
      "lang": "pt-BR",
      "name": "Português (Brasil)",
      "path": "lang/pt-BR.json",
      "flags": {}
    }
  ],
  "esmodules": [
    "scripts/brsw2-init.js"
  ],
  "styles": [
    "css/brsw-styles.css"
  ],
  "url": "https://github.com/javierriveracastro/betteroll-swade/tree/version_2",
  "manifest": "https://raw.githubusercontent.com/javierriveracastro/betteroll-swade/version_2/betterrolls-swade2/module.json",
  "download": "https://github.com/javierriveracastro/betteroll-swade/blob/version_2/betterrolls-swade2.zip?raw=true",
  "media": [
    {
      "type": "screenshot",
      "url": "https://raw.githubusercontent.com/javierriveracastro/betteroll-swade/version_2/docs/Weapon_Card_Damage_v1-119.jpg",
      "loop": false,
      "flags": {}
    }
  ],
  "id": "betterrolls-swade2",
  "authors": [
    {
      "name": "Javier Rivera",
      "flags": {}
    }
  ],
  "relationships": {
    "requires": [
      {
        "id": "settings-extender",
        "type": "module",
        "compatibility": {}
      },
      {
        "id": "succ",
        "type": "module",
        "manifest": "https://raw.githubusercontent.com/SalieriC/SUCC/main/succ/module.json",
        "compatibility": {}
      }
    ],
    "systems": [
      {
        "id": "swade",
        "type": "system",
        "compatibility": {}
      }
    ]
  },
  "compatibility": {
    "minimum": "10",
    "verified": "10.288",
    "maximum": "10"
  }
}